<?xml version="1.0" encoding="UTF-8"?>

<Configuration status="WARN" monitorInterval="30">


	<!-- Logging Properties -->
	<Properties>
		<Property name="LOG_PATTERN">[%-5p|%d{yyyy-MM-dd HH:mm:ss.SSS}|%X{NDC0}] (%C)(%M) {%m}%n
		</Property>
		<Property name="APP_LOG_ROOT">C:\\work\\dev\\DashboardSample\\logs
		</Property>
	</Properties>
	<Appenders>
		<!-- Console Appender -->
		<Console name="console" target="SYSTEM_OUT" follow="true">
			<PatternLayout pattern="${LOG_PATTERN}" />
		</Console>
        <RollingFile name="serverLog" fileName="${APP_LOG_ROOT}/ShipDetailsServiceProducer.log"
			filePattern="${APP_LOG_ROOT}/ShipDetailsServiceProducer-%d{yyyy-MM-dd}-%i.log">
			<PatternLayout pattern="${LOG_PATTERN}" />
			<Policies>
				<SizeBasedTriggeringPolicy size="50 MB" />
			</Policies>
			<DefaultRolloverStrategy max="50" />
		</RollingFile>
	</Appenders>

	<Loggers>
        <Logger name="com.sample" level="debug" additivity="false">
            <AppenderRef ref="serverLog"/>
            <AppenderRef ref="console"/>
        </Logger>
        <Logger name="org.springframework.boot" level="error" additivity="false">
            <AppenderRef ref="serverLog"/>
            <AppenderRef ref="console"/>
        </Logger>
        <Root level="error">
            <AppenderRef ref="serverLog"/>
            <AppenderRef ref="console"/>
        </Root>
    </Loggers>
</Configuration>
